{
  "M31": {
    "RA": 0.7123055555555555,
    "Dec": 41.26916666666666,
    "Name": ["Andromeda Galaxy"],
    "RAarc": [0, 42, 44.3],
    "Decarc": [41, 16, 9.0]
  },
  "M42": {
    "RA": 5.5881388888888885,
    "Dec": -5.391111111111112,
    "Name": ["Orion Nebula"],
    "RAarc": [5, 35, 17.3],
    "Decarc": [5, 23, 28.0]
  },
  "M13": {
    "RA": 16.69478888888889,
    "Dec": 36.45986111111112,
    "Name": ["Hercules Cluster"],
    "RAarc": [16, 41, 41.24],
    "Decarc": [36, 27, 35.5]
  },
  "M51": {
    "RA": 13.497972222222222,
    "Dec": 47.195277777777775,
    "Name": ["Whirlpool Galaxy"],
    "RAarc": [13, 29, 52.7],
    "Decarc": [47, 11, 43.0]
  },
  "M57": {
    "RA": 18.893083333333333,
    "Dec": 33.02916666666666,
    "Name": ["Ring Nebula"],
    "RAarc": [18, 53, 35.1],
    "Decarc": [33, 1, 45.0]
  },
  "NGC 869": {
    "RA": 2.3372222222222225,
    "Dec": 57.13972222222222,
    "Name": ["Double Cluster"],
    "RAarc": [2, 20, 14.0],
    "Decarc": [57, 8, 23.0]
  },
  "NGC 884": {
    "RA": 2.3372222222222225,
    "Dec": 57.13972222222222,
    "Name": ["Double Cluster"],
    "RAarc": [2, 20, 14.0],
    "Decarc": [57, 8, 23.0]
  },
  "NGC 7000": {
    "RA": 20.97977777777778,
    "Dec": 44.346666666666664,
    "Name": ["North America Nebula"],
    "RAarc": [20, 58, 47.2],
    "Decarc": [44, 20, 0.0]
  },
  "NGC 4565": {
    "RA": 12.60575,
    "Dec": 25.98777777777778,
    "Name": ["Needle Galaxy"],
    "RAarc": [12, 36, 20.7],
    "Decarc": [25, 59, 16.0]
  },
  "NGC 6960": {
    "RA": 20.760694444444445,
    "Dec": 30.71777777777778,
    "Name": ["Veil Nebula"],
    "RAarc": [20, 45, 38.5],
    "Decarc": [30, 43, 4.0]
  },
  "NGC 7293": {
    "RA": 22.494138888888888,
    "Dec": -20.83722222222222,
    "Name": ["Helix Nebula"],
    "RAarc": [22, 29, 38.9],
    "Decarc": [20, 50, 13.0]
  },
  "M45": {
    "RA": 3.7901666666666666,
    "Dec": 24.116666666666667,
    "Name": ["The Pleiades"],
    "RAarc": [3, 47, 24.6],
    "Decarc": [24, 7, 0.0]
  },
  "M44": {
    "RA": 8.673416666666667,
    "Dec": 19.68,
    "Name": ["The Beehive Cluster"],
    "RAarc": [8, 40, 24.3],
    "Decarc": [19, 40, 48.0]
  },
  "M92": {
    "RA": 17.2855,
    "Dec": 43.13611111111111,
    "Name": ["The Great Globular Cluster in Hercules"],
    "RAarc": [17, 17, 7.8],
    "Decarc": [43, 8, 10.0]
  },
  "M8": {
    "RA": 18.060333333333332,
    "Dec": -24.386666666666667,
    "Name": ["The Lagoon Nebula"],
    "RAarc": [18, 3, 37.2],
    "Decarc": [24, 23, 12.0]
  }
}
